track_id,frame,X,Y,Z,type
0,0,-2.868185271028038,0.47425928971962644,14.273144747663554,measured
0,1,-2.73757928777978,0.4715694945786093,14.192193596633922,measured
0,2,-2.6157865819736403,0.4832234701100509,14.197362360841701,measured
0,3,-2.5420157536392596,0.5106926526478559,14.164750176560004,measured
0,4,-2.4325150274942153,0.533653143722875,14.041089423305708,measured
0,5,-2.3048560828527385,0.5418158412543926,13.857496020421978,measured
0,6,-2.1717926288996736,0.5349656126840472,13.706419717722195,measured
0,7,-2.0417382637801067,0.5456755261806657,13.603055833770496,measured
0,8,-1.9169244650009056,0.557848483244782,13.49325347455562,measured
0,9,-1.797495228740496,0.5690023536406674,13.338785403333514,measured
0,10,-1.6764817875562623,0.5691402715807623,13.205248900631712,measured
0,11,-1.5294354175781775,0.5631801370793218,13.112038403711912,measured
0,12,-1.3780945248252672,0.5604744785981265,12.966747106484002,measured
0,13,-1.2343324459149878,0.5618546374034863,12.830527747610978,measured
0,14,-1.0937345551966604,0.5670328580521519,12.72141120267774,measured
0,15,-0.9632829134247366,0.5658687672569191,12.619701524402242,measured
0,16,-0.8423612333694018,0.5545726066826505,12.488955428169165,measured
0,17,-0.719846330797867,0.544388241171516,12.364309991521072,measured
0,18,-0.6041475512883335,0.5462170582230155,12.254874289066718,measured
0,19,-0.4953808227900663,0.5453659889108645,12.114913636485316,measured
0,20,-0.38148230184731663,0.5440107194236729,11.98738862882381,measured
0,21,-0.2575879168873381,0.5453098046232946,11.870127469933625,measured
0,22,-0.12854809667452677,0.5447372163985499,11.737654126958864,measured
0,23,-0.007175530423210449,0.5489046971726206,11.608495707638218,measured
0,24,0.11269981310596684,0.553412226725003,11.464894570106122,measured
0,25,0.2286746035909688,0.5573130449454184,11.343573770861981,measured
0,26,0.3382498754966313,0.5595466628450008,11.218492763217236,measured
0,27,0.44327157711669835,0.5673289145949891,11.13160140164015,measured
0,28,3.739138750518128,0.6244364836084141,7.929916408567073,measured
0,29,3.774969101256079,0.6155984162802255,7.807190339661907,measured
0,30,3.8641224490564383,0.6068219673737989,7.699381126138348,measured
0,31,3.989459109055145,0.6086331334709213,7.6297845738260675,measured
0,32,4.11179293565612,0.6193462607805924,7.567231670324882,measured
0,33,4.209626933481931,0.6249572846719305,7.461091844226579,measured
0,34,4.31573174654314,0.625435091801589,7.347876289946717,measured
0,35,4.431722493637992,0.6232746132143886,7.241578564842072,measured
0,36,4.557024920178804,0.6251626442496352,7.139610622523111,measured
0,37,4.691501278818062,0.6321456213822089,7.062585410815812,measured
0,38,4.812704409206392,0.6372764983586515,6.9709588262294515,measured
0,39,4.920205745631875,0.6387437030685383,6.859644706399544,measured
0,40,5.031664350451877,0.6380794262790224,6.74294246844839,measured
0,41,5.159291505042713,0.6413129985284178,6.642698037961999,measured
0,42,5.269915925810941,0.6488610063638577,6.53995887911179,measured
0,43,5.370631515316209,0.655131894308761,6.445774483592438,measured
0,44,5.456422823344084,0.6596243238447036,6.342226026812731,measured
0,0,0.5637271752443634,0.5694565639177688,11.010764778804088,predicted
0,1,0.6841827733720285,0.5715842132405484,10.889928155968025,predicted
0,2,0.8046383714996936,0.5737118625633281,10.769091533131963,predicted
0,3,0.9250939696273588,0.5758395118861077,10.6482549102959,predicted
0,4,1.045549567755024,0.5779671612088874,10.527418287459838,predicted
0,5,1.166005165882689,0.580094810531667,10.406581664623776,predicted
0,6,1.2864607640103543,0.5822224598544467,10.285745041787713,predicted
0,7,1.4069163621380194,0.5843501091772263,10.16490841895165,predicted
0,8,1.5273719602656846,0.5864777585000059,10.044071796115588,predicted
0,9,1.6478275583933497,0.5886054078227856,9.923235173279526,predicted
0,10,1.7682831565210149,0.5907330571455652,9.802398550443463,predicted
0,11,1.88873875464868,0.5928607064683449,9.681561927607401,predicted
0,12,2.009194352776345,0.5949883557911245,9.560725304771339,predicted
0,13,2.12964995090401,0.5971160051139042,9.439888681935276,predicted
0,14,2.250105549031675,0.5992436544366838,9.319052059099214,predicted
0,15,2.3705611471593397,0.6013713037594635,9.198215436263151,predicted
0,16,2.4910167452870047,0.6034989530822431,9.077378813427089,predicted
0,17,2.6114723434146696,0.6056266024050228,8.956542190591026,predicted
0,18,2.7319279415423345,0.6077542517278024,8.835705567754964,predicted
0,19,2.8523835396699995,0.609881901050582,8.714868944918901,predicted
0,20,2.9728391377976644,0.6120095503733617,8.594032322082839,predicted
0,21,3.0932947359253293,0.6141371996961413,8.473195699246777,predicted
0,22,3.2137503340529943,0.616264849018921,8.352359076410714,predicted
0,23,3.334205932180659,0.6183924983417006,8.231522453574652,predicted
0,24,3.454661530308324,0.6205201476644803,8.11068583073859,predicted
0,25,3.575117128435989,0.6226477969872599,7.989849207902527,predicted
0,26,5.570499227900817,0.6624521930675408,6.234651364624368,predicted
0,27,5.68457563245755,0.665280062290378,6.127076702436006,predicted
0,28,5.798652037014283,0.6681079315132151,6.019502040247644,predicted
0,29,5.912728441571016,0.6709358007360523,5.911927378059281,predicted
0,30,6.026804846127749,0.6737636699588895,5.804352715870919,predicted
0,31,6.140881250684481,0.6765915391817267,5.696778053682556,predicted
0,32,6.254957655241214,0.6794194084045638,5.589203391494194,predicted
0,33,6.369034059797947,0.682247277627401,5.4816287293058314,predicted
0,34,6.48311046435468,0.6850751468502382,5.374054067117469,predicted
0,35,6.597186868911413,0.6879030160730754,5.266479404929107,predicted
0,36,6.711263273468146,0.6907308852959125,5.158904742740744,predicted
0,37,6.8253396780248785,0.6935587545187497,5.051330080552382,predicted
0,38,6.939416082581611,0.6963866237415869,4.943755418364019,predicted
0,39,7.053492487138344,0.6992144929644241,4.836180756175657,predicted
0,40,7.167568891695077,0.7020423621872612,4.7286060939872945,predicted
0,41,7.28164529625181,0.7048702314100984,4.621031431798932,predicted
0,42,7.395721700808543,0.7076981006329356,4.51345676961057,predicted
0,43,7.509798105365276,0.7105259698557728,4.405882107422207,predicted
0,44,7.623874509922008,0.7133538390786099,4.298307445233845,predicted
0,45,7.737950914478741,0.7161817083014471,4.190732783045482,predicted
0,46,7.852027319035474,0.7190095775242843,4.08315812085712,predicted
0,47,7.966103723592207,0.7218374467471215,3.975583458668757,predicted
0,48,8.08018012814894,0.7246653159699586,3.868008796480394,predicted
0,49,8.194256532705674,0.7274931851927958,3.7604341342920313,predicted
0,50,8.308332937262408,0.730321054415633,3.6528594721036685,predicted
0,51,8.422409341819142,0.7331489236384702,3.5452848099153056,predicted
0,52,8.536485746375876,0.7359767928613073,3.4377101477269427,predicted
0,53,8.65056215093261,0.7388046620841445,3.33013548553858,predicted
0,54,8.764638555489343,0.7416325313069817,3.222560823350217,predicted
0,55,8.878714960046077,0.7444604005298189,3.114986161161854,predicted
0,56,8.99279136460281,0.747288269752656,3.0074114989734912,predicted
0,57,9.106867769159544,0.7501161389754932,2.8998368367851284,predicted
0,58,9.220944173716278,0.7529440081983304,2.7922621745967655,predicted
0,59,9.335020578273012,0.7557718774211676,2.6846875124084026,predicted
0,60,9.449096982829746,0.7585997466440048,2.5771128502200398,predicted
0,61,9.56317338738648,0.7614276158668419,2.469538188031677,predicted
0,62,9.677249791943213,0.7642554850896791,2.361963525843314,predicted
0,63,9.791326196499947,0.7670833543125163,2.254388863654951,predicted
0,64,9.90540260105668,0.7699112235353535,2.1468142014665883,predicted
0,65,10.019479005613414,0.7727390927581906,2.0392395392782254,predicted
0,66,10.133555410170148,0.7755669619810278,1.9316648770898628,predicted
0,67,10.247631814726882,0.778394831203865,1.8240902149015001,predicted
0,68,10.361708219283615,0.7812227004267022,1.7165155527131375,predicted
0,69,10.47578462384035,0.7840505696495393,1.6089408905247748,predicted
0,70,10.589861028397083,0.7868784388723765,1.5013662283364122,predicted
0,71,10.703937432953817,0.7897063080952137,1.3937915661480496,predicted
0,72,10.81801383751055,0.7925341773180509,1.286216903959687,predicted
0,73,10.932090242067284,0.795362046540888,1.1786422417713243,predicted
0,74,11.046166646624018,0.7981899157637252,1.0710675795829616,predicted
0,75,11.160243051180752,0.8010177849865624,0.9634929173945989,predicted
0,76,11.274319455737485,0.8038456542093996,0.8559182552062361,predicted
1,0,-2.78084535652174,0.5946999652173914,8.853486886956523,measured
1,1,-2.8202933043777705,0.5816676426251945,8.514709766052425,measured
1,2,-2.8500443940341595,0.5605207296302148,8.181264304102704,measured
1,3,-2.926932090425337,0.5700072343154121,7.712767950117743,measured
1,4,-3.006402122810245,0.573872292799039,7.139664379466508,measured
1,5,-3.072023917298513,0.569864547624449,6.582748373491593,measured
1,6,-3.1005432820754426,0.569311749478807,6.029910149486515,measured
1,7,-3.1409541385612925,0.575238898867874,5.471135673927424,measured
1,8,-3.1815450637622322,0.582148917785583,4.955295476796694,measured
1,9,-3.2888659201115287,0.5888715886338902,4.560203814010614,measured
1,10,-3.41293143525543,0.5926472712789049,4.257992246587005,measured
1,0,-3.479571696867355,0.5955176801447262,3.814062664774871,predicted
1,1,-3.54621195847928,0.5983880890105474,3.370133082962737,predicted
1,2,-3.612852220091205,0.6012584978763686,2.9262035011506033,predicted
1,3,-3.67949248170313,0.6041289067421899,2.4822739193384695,predicted
1,4,-3.746132743315055,0.6069993156080111,2.0383443375263357,predicted
1,5,-3.81277300492698,0.6098697244738324,1.594414755714202,predicted
1,6,-3.879413266538905,0.6127401333396536,1.1504851739020685,predicted
1,7,-3.94605352815083,0.6156105422054748,0.7065555920899348,predicted
1,8,-4.012693789762755,0.6184809510712961,0.26262601027780114,predicted
1,9,-4.079334051374681,0.6213513599371173,-0.18130357153433252,predicted
1,10,-4.145974312986606,0.6242217688029386,-0.6252331533464662,predicted
1,11,-4.212614574598532,0.6270921776687598,-1.0691627351586,predicted
1,12,-4.279254836210457,0.629962586534581,-1.5130923169707335,predicted
1,13,-4.345895097822383,0.6328329954004023,-1.9570218987828671,predicted
1,14,-4.412535359434308,0.6357034042662235,-2.4009514805950007,predicted
1,15,-4.479175621046234,0.6385738131320448,-2.8448810624071346,predicted
1,16,-4.545815882658159,0.641444221997866,-3.2888106442192684,predicted
1,17,-4.612456144270085,0.6443146308636872,-3.732740226031402,predicted
1,18,-4.67909640588201,0.6471850397295085,-4.176669807843536,predicted
1,19,-4.745736667493936,0.6500554485953297,-4.620599389655669,predicted
1,20,-4.812376929105861,0.652925857461151,-5.064528971467802,predicted
1,21,-4.879017190717787,0.6557962663269722,-5.508458553279936,predicted
1,22,-4.945657452329712,0.6586666751927934,-5.952388135092069,predicted
1,23,-5.012297713941638,0.6615370840586147,-6.3963177169042025,predicted
1,24,-5.078937975553563,0.6644074929244359,-6.840247298716336,predicted
1,25,-5.145578237165489,0.6672779017902571,-7.284176880528469,predicted
1,26,-5.212218498777414,0.6701483106560784,-7.728106462340603,predicted
1,27,-5.2788587603893395,0.6730187195218996,-8.172036044152737,predicted
1,28,-5.345499022001265,0.6758891283877209,-8.61596562596487,predicted
1,29,-5.4121392836131905,0.6787595372535421,-9.059895207777004,predicted
1,30,-5.478779545225116,0.6816299461193633,-9.503824789589137,predicted
1,31,-5.5454198068370415,0.6845003549851846,-9.94775437140127,predicted
1,32,-5.612060068448967,0.6873707638510058,-10.391683953213404,predicted
1,33,-5.6787003300608925,0.6902411727168271,-10.835613535025537,predicted
1,34,-5.745340591672818,0.6931115815826483,-11.27954311683767,predicted
1,35,-5.8119808532847435,0.6959819904484695,-11.723472698649804,predicted
1,36,-5.878621114896669,0.6988523993142908,-12.167402280461937,predicted
1,37,-5.945261376508594,0.701722808180112,-12.61133186227407,predicted
1,38,-6.01190163812052,0.7045932170459333,-13.055261444086204,predicted
1,39,-6.078541899732445,0.7074636259117545,-13.499191025898337,predicted
1,40,-6.145182161344371,0.7103340347775757,-13.94312060771047,predicted
1,41,-6.211822422956296,0.713204443643397,-14.387050189522604,predicted
1,42,-6.278462684568222,0.7160748525092182,-14.830979771334738,predicted
1,43,-6.345102946180147,0.7189452613750394,-15.274909353146871,predicted
1,44,-6.411743207792073,0.7218156702408607,-15.718838934959004,predicted
1,45,-6.478383469403998,0.7246860791066819,-16.162768516771138,predicted
1,46,-6.545023731015924,0.7275564879725032,-16.606698098583273,predicted
1,47,-6.611663992627849,0.7304268968383244,-17.050627680395408,predicted
1,48,-6.678304254239775,0.7332973057041456,-17.494557262207543,predicted
1,49,-6.7449445158517,0.7361677145699669,-17.93848684401968,predicted
1,50,-6.811584777463626,0.7390381234357881,-18.382416425831813,predicted
2,0,-8.56020030379747,0.3689334683544307,19.331980860759497,measured
2,1,-8.472535841414409,0.4102443664696628,19.1838429205177,measured
2,2,-8.427210845320895,0.41646985860154034,19.12463329230139,measured
2,3,-8.303113631695094,0.41458596036732,18.866732889101698,measured
2,4,-8.187765731266632,0.34157093536456107,18.744557161555544,measured
2,5,-8.095605278161301,0.3250302477945138,18.580474993085108,measured
2,6,-8.001273140450298,0.3145680878437951,18.41689917387297,measured
2,7,-7.9348542688799455,0.3079610272460668,18.296221245954538,measured
2,8,-7.8197162398812745,0.29397493346947173,18.179722314682014,measured
2,9,-7.715941962552123,0.2761245032381005,18.101881703717495,measured
2,10,-7.62840139232622,0.2634142777960377,18.032589126011587,measured
2,11,-7.5455974840772235,0.275866061886095,17.95384109642971,measured
2,12,-7.430626729121425,0.29067769947153554,17.799181746436687,measured
2,13,-7.3816391560792205,0.29624852015097,17.681991276788466,measured
2,14,-7.324216438614689,0.30614703955019146,17.55624981209729,measured
2,15,-7.2318910484468315,0.30825344354764117,17.435907039546827,measured
2,16,-7.162717521680675,0.31588884168363607,17.362895636732926,measured
2,17,-7.068888257904418,0.34593891614991107,17.235030311660232,measured
2,18,-6.955996922044683,0.36478611790750326,17.075543335713093,measured
2,19,-6.855486393620655,0.38494190298233727,16.936006708556288,measured
2,20,-6.744353734376082,0.38850759447080374,16.804340127447816,measured
2,21,-6.638328092899245,0.3950515386270658,16.671327325889944,measured
2,22,-6.5377814415365485,0.40864386361906824,16.560618360370274,measured
2,23,-6.438951134900368,0.4201210945160543,16.461144060570625,measured
2,24,-6.32802989602027,0.4288175477623877,16.33554266718061,measured
2,25,-6.223494420573711,0.4427446616345568,16.20229001178681,measured
2,26,-6.114231760512484,0.45407576703500413,16.063002513481404,measured
2,27,-6.015062638042325,0.46372932684660556,15.937670221786606,measured
2,28,-5.911322233479001,0.47466498940684454,15.80637648462559,measured
2,29,-5.814756939934144,0.4843924806918122,15.699725346469755,measured
2,30,-5.7128460840102395,0.48911584208233416,15.591611029604088,measured
2,31,-5.626336158915367,0.4887859272891784,15.460207432585934,measured
2,32,-5.540194775939587,0.49426671833266705,15.34665887931397,measured
2,33,-5.424639656706205,0.4984381241652262,15.23318530800339,measured
2,34,-5.316161296150048,0.5017648597382882,15.130410123807046,measured
2,35,-5.198497452732985,0.5036786606835767,15.016915914303375,measured
2,36,-5.079587802258315,0.50496092991205,14.914057819599034,measured
2,37,-4.9690077321016455,0.506312557434746,14.84094408765627,measured
2,38,-4.845564042153357,0.5085053838129608,14.731024830070126,measured
2,39,-4.718950539064144,0.5097726173199908,14.62182702192006,measured
2,40,-4.5939958110597825,0.5106665691511293,14.527443265630328,measured
2,41,-4.4665135365736175,0.5107649543472427,14.43278906990737,measured
2,42,-4.331810847132693,0.5122372444936151,14.320053891708259,measured
2,43,-4.197576146793261,0.512753553178083,14.204539489317275,measured
2,44,-4.071630866195127,0.5103487011710702,14.104039049376011,measured
2,45,-3.9443314737226736,0.5077564394917415,14.013132286110313,measured
2,46,-3.816283967910372,0.5073549418711089,13.922528182660775,measured
2,47,-3.687832416280621,0.5063735386427578,13.832303580478895,measured
2,48,-3.5561954205974775,0.5070141983495504,13.730169300397906,measured
2,49,-3.4327564941224655,0.5095810558312003,13.629593604895723,measured
2,50,-3.3088880151670845,0.5116815362347197,13.538609221994566,measured
2,51,-3.1812699317340534,0.5131982498243859,13.452540231103905,measured
2,52,-3.0536720486284716,0.5163926083920749,13.363189552583169,measured
2,53,-2.9247746377789223,0.5257640153338364,13.263332368551016,measured
2,54,-2.7958109460368523,0.5340098027512608,13.169223188908786,measured
2,55,-2.6694292025048787,0.541181410188516,13.080510460437612,measured
2,56,-2.5459092624255093,0.5444256325225659,12.985778146861387,measured
2,57,-2.4185671822981516,0.5460292365029676,12.875090577108049,measured
2,58,-2.2967864050415114,0.5493967398963783,12.771316248307548,measured
2,59,-2.1797394806402473,0.552477631629092,12.684587834816096,measured
2,60,-2.069460890616027,0.5570563068005605,12.59967653894718,measured
2,61,-1.957950812362817,0.5581456095623732,12.51308782930781,measured
2,62,-1.8393633842256232,0.5556155673589419,12.415049935500726,measured
2,63,-1.7207246777509888,0.5548150752664076,12.316748947848216,measured
2,64,-1.6035672146043058,0.5583455928884251,12.22814299612304,measured
2,65,-1.4893223474323554,0.5610241299704095,12.142087873873185,measured
2,66,-1.3731074384025934,0.5619013634563562,12.036488716929007,measured
2,67,-1.25608665238858,0.5600468912296889,11.938104165175538,measured
2,68,-1.1428665602752102,0.5601150117272856,11.846511049218908,measured
2,69,-1.0248020466615837,0.5609836678005334,11.740381936692318,measured
2,70,-0.9109484479835155,0.5657293727540607,11.641823721706034,measured
2,71,-0.8051971841955702,0.5652665344303204,11.547490327376622,measured
2,72,-0.698645798013048,0.5644318261108794,11.460048532672873,measured
2,73,-0.5836682507423693,0.562071483693684,11.353848159932,measured
2,74,-0.466858524125277,0.5616078453097411,11.255590838795328,measured
2,75,-0.34854663392841706,0.5651422379501247,11.167514167837622,measured
2,76,-0.23456901602182095,0.5668304092691944,11.062280786610101,measured
2,77,-0.12123187371273914,0.5696735306185493,10.95745008120419,measured
2,78,-0.0026908526175006197,0.5694022039983104,10.85074039240058,measured
2,79,0.11635183140077268,0.5685363143327382,10.747577448429377,measured
2,80,0.2400602407489875,0.5680273073274695,10.665213254407561,measured
2,81,0.3549109233534749,0.5677949453607686,10.562881669686497,measured
2,82,3.7126937645464544,0.6430000438358847,8.183044478072485,measured
2,83,3.7606636858695257,0.6399731634854569,8.016965936361737,measured
2,84,3.92399870744818,0.6298308179597204,7.98473924354722,measured
2,85,4.033652889306738,0.6234528370713457,7.900151872825261,measured
2,86,4.225780676785621,0.6304317521937614,7.731697283971118,measured
2,87,4.3006306972769055,0.6341389215422482,7.6653249681463285,measured
2,88,4.520857159399076,0.6343718179135452,7.4897369759311365,measured
2,89,4.607542337249718,0.6321776152031149,7.3836119795575605,measured
2,90,4.699857184303342,0.6362034588560898,7.282715070217625,measured
2,91,4.787775952856794,0.6435507608195551,7.188502215419523,measured
2,92,4.88094803623516,0.6492332592734277,7.102220039893826,measured
2,93,4.977309687755238,0.6504656902088148,7.004840891571354,measured
2,94,5.184224187392802,0.6509632234149944,6.806055880546776,measured
2,95,5.280363130617655,0.6544287482411628,6.704469012498538,measured
2,96,5.603611204529206,0.6692380589171399,6.498631093090536,measured
2,97,5.777062842843745,0.718905519709924,6.57154145694204,measured
2,0,-8.242803919814518,0.4166787711209794,18.74984308005007,predicted
2,1,0.4716675477854257,0.56887142064276,10.464824885391854,predicted
2,2,0.5884241722173764,0.5699478959247514,10.366768101097211,predicted
2,3,0.7051807966493272,0.5710243712067428,10.268711316802568,predicted
2,4,0.821937421081278,0.5721008464887342,10.170654532507925,predicted
2,5,0.9386940455132288,0.5731773217707256,10.072597748213282,predicted
2,6,1.0554506699451796,0.574253797052717,9.974540963918638,predicted
2,7,1.1722072943771302,0.5753302723347083,9.876484179623995,predicted
2,8,1.288963918809081,0.5764067476166997,9.778427395329352,predicted
2,9,1.4057205432410316,0.5774832228986911,9.680370611034709,predicted
2,10,1.5224771676729822,0.5785596981806825,9.582313826740066,predicted
2,11,1.639233792104933,0.5796361734626739,9.484257042445423,predicted
2,12,1.7559904165368836,0.5807126487446653,9.38620025815078,predicted
2,13,1.8727470409688343,0.5817891240266567,9.288143473856136,predicted
2,14,1.989503665400785,0.5828655993086481,9.190086689561493,predicted
2,15,2.106260289832736,0.5839420745906395,9.09202990526685,predicted
2,16,2.2230169142646865,0.5850185498726309,8.993973120972207,predicted
2,17,2.339773538696637,0.5860950251546223,8.895916336677564,predicted
2,18,2.456530163128588,0.5871715004366137,8.79785955238292,predicted
2,19,2.5732867875605385,0.5882479757186051,8.699802768088277,predicted
2,20,2.690043411992489,0.5893244510005965,8.601745983793634,predicted
2,21,2.80680003642444,0.5904009262825879,8.503689199498991,predicted
2,22,2.9235566608563905,0.5914774015645793,8.405632415204348,predicted
2,23,3.040313285288341,0.5925538768465707,8.307575630909705,predicted
2,24,3.157069909720292,0.5936303521285621,8.209518846615062,predicted
2,25,3.2738265341522426,0.5947068274105535,8.111462062320419,predicted
2,26,3.3905831585841932,0.5957833026925449,8.013405278025775,predicted
2,27,4.156108007318023,0.6251795052959946,7.811331034976599,predicted
2,28,4.418636010578471,0.6361066857336116,7.5779414686943865,predicted
2,29,5.087766289533617,0.6526621308053878,6.915059363024507,predicted
2,30,5.388970309658398,0.6564676496604912,6.612681919883962,predicted
2,31,5.497577488699141,0.6585065510798196,6.5208948272693865,predicted
2,32,5.889881966754527,0.7247081143676691,6.495267564628951,predicted
2,33,6.002701090665309,0.7305107090254143,6.418993672315862,predicted
2,34,6.115520214576091,0.7363133036831594,6.342719780002773,predicted
2,35,6.228339338486873,0.7421158983409045,6.2664458876896845,predicted
2,36,6.341158462397655,0.7479184929986497,6.190171995376596,predicted
2,37,6.453977586308437,0.7537210876563948,6.113898103063507,predicted
2,38,6.5667967102192195,0.7595236823141399,6.037624210750418,predicted
2,39,6.679615834130002,0.765326276971885,5.961350318437329,predicted
2,40,6.792434958040784,0.7711288716296302,5.8850764261242405,predicted
2,41,6.905254081951566,0.7769314662873753,5.808802533811152,predicted
2,42,7.018073205862348,0.7827340609451204,5.732528641498063,predicted
2,43,7.13089232977313,0.7885366556028656,5.656254749184974,predicted
2,44,7.243711453683912,0.7943392502606107,5.579980856871885,predicted
2,45,7.356530577594694,0.8001418449183558,5.503706964558797,predicted
2,46,7.469349701505476,0.805944439576101,5.427433072245708,predicted
2,47,7.582168825416258,0.8117470342338461,5.351159179932619,predicted
2,48,7.69498794932704,0.8175496288915912,5.27488528761953,predicted
2,49,7.807807073237822,0.8233522235493363,5.1986113953064415,predicted
2,50,7.9206261971486045,0.8291548182070815,5.122337502993353,predicted
2,51,8.033445321059386,0.8349574128648266,5.046063610680264,predicted
2,52,8.146264444970168,0.8407600075225717,4.969789718367175,predicted
2,53,8.25908356888095,0.8465626021803169,4.893515826054086,predicted
2,54,8.371902692791732,0.852365196838062,4.8172419337409975,predicted
2,55,8.484721816702514,0.8581677914958071,4.740968041427909,predicted
2,56,8.597540940613296,0.8639703861535523,4.66469414911482,predicted
2,57,8.710360064524078,0.8697729808112974,4.588420256801731,predicted
2,58,8.82317918843486,0.8755755754690425,4.512146364488642,predicted
2,59,8.935998312345642,0.8813781701267877,4.435872472175554,predicted
2,60,9.048817436256424,0.8871807647845328,4.359598579862465,predicted
2,61,9.161636560167207,0.8929833594422779,4.283324687549376,predicted
2,62,9.274455684077989,0.898785954100023,4.207050795236287,predicted
2,63,9.38727480798877,0.9045885487577682,4.130776902923198,predicted
2,64,9.500093931899553,0.9103911434155133,4.05450301061011,predicted
2,65,9.612913055810335,0.9161937380732584,3.978229118297021,predicted
2,66,9.725732179721117,0.9219963327310036,3.901955225983932,predicted
2,67,9.838551303631899,0.9277989273887487,3.8256813336708433,predicted
2,68,9.951370427542681,0.9336015220464938,3.7494074413577545,predicted
2,69,10.064189551453463,0.939404116704239,3.6731335490446657,predicted
2,70,10.177008675364245,0.9452067113619841,3.596859656731577,predicted
2,71,10.289827799275027,0.9510093060197292,3.520585764418488,predicted
2,72,10.40264692318581,0.9568119006774743,3.4443118721053994,predicted
2,73,10.515466047096591,0.9626144953352195,3.3680379797923106,predicted
2,74,10.628285171007374,0.9684170899929646,3.291764087479222,predicted
2,75,10.741104294918156,0.9742196846507097,3.215490195166133,predicted
2,76,10.853923418828938,0.9800222793084549,3.139216302853044,predicted
2,77,10.96674254273972,0.9858248739662,3.0629424105399554,predicted
2,78,11.079561666650502,0.9916274686239451,2.9866685182268666,predicted
2,79,11.192380790561284,0.9974300632816903,2.910394625913778,predicted
2,80,11.305199914472066,1.0032326579394353,2.834120733600689,predicted
2,81,11.418019038382848,1.0090352525971804,2.7578468412876003,predicted
2,82,11.53083816229363,1.0148378472549255,2.6815729489745115,predicted
3,0,-11.441349633802819,0.13670061971831013,21.510232225352116,measured
3,1,-11.343900947473553,0.13553630814333748,21.327024479754947,measured
3,2,-11.32212668476346,0.1350713195429205,21.253857197867557,measured
3,3,-11.289230693897506,0.13456347279932898,21.173946064969606,measured
3,4,-11.266185447323602,0.16608214957130968,21.09115450425322,measured
3,5,-10.917009908400443,0.08513873868978884,20.364675378504487,measured
3,6,-10.805988499272162,0.1303867924055277,20.144476320942797,measured
3,7,-10.732231941722443,0.16365040697203165,20.020282647091896,measured
3,8,-10.674400433475437,0.2041001103010931,19.938719024442847,measured
3,9,-10.623635074525883,0.23095727075922912,19.861397969243164,measured
3,10,-10.567536461353777,0.2577961853420206,19.769024575160056,measured
3,11,-10.462774108160076,0.2758153485231893,19.58222803734185,measured
3,12,-10.352067544024212,0.2886746013011733,19.39509241183437,measured
3,13,-10.26573053477873,0.2982242071570735,19.237127022439815,measured
3,14,-10.185357606427692,0.3052976472531281,19.101050228321203,measured
3,15,-10.115443645910421,0.3104775466004775,18.981806924778574,measured
3,16,-10.053727026246104,0.3141848664763402,18.875761281448803,measured
3,17,-9.98099404667926,0.31638843313080484,18.757131025727574,measured
3,18,-9.876511324641696,0.32154230207419804,18.575601428110637,measured
3,19,-9.78901814070199,0.3299836684395668,18.405765438680678,measured
3,20,-9.697371689828824,0.33654029233079846,18.245830665427224,measured
3,21,-9.611739487226203,0.3460892516131339,18.103576852407354,measured
3,22,-9.53122845968295,0.34961924560472063,17.9762598218935,measured
3,23,-9.419663266934194,0.35504570584977907,17.79429435504188,measured
3,24,-9.308120563908204,0.36292197313455843,17.615830229631165,measured
3,25,-9.200877520587074,0.3654268133494492,17.448423292460852,measured
3,26,-9.105290457923099,0.3710152982319249,17.30569776465989,measured
3,27,-9.016118578298347,0.3755047782640106,17.177279793448534,measured
3,28,-8.928954426637858,0.3788833080898456,17.05438436738899,measured
3,29,-8.83309831674928,0.3879477014742134,16.922761864584395,measured
3,30,-8.716541949039348,0.39456068906099595,16.757806549183012,measured
3,31,-8.605151239079573,0.40004388200714175,16.608796212268583,measured
3,32,-8.495151975072043,0.40792914487103893,16.480474129840538,measured
3,33,-8.389812879499075,0.4145951926404863,16.364650539952212,measured
3,34,-8.270576132457158,0.4225645837197438,16.230008572428044,measured
3,35,-8.151463048616046,0.4319697009552917,16.09080636513503,measured
3,36,-8.026726401183339,0.4365289025830335,15.947900061202068,measured
3,37,-7.908454822302221,0.43712986657492436,15.818663054993438,measured
3,38,-7.784903841911959,0.4368583873460698,15.69100994721159,measured
3,39,-7.649627301521318,0.43528496942294465,15.543770439946876,measured
3,40,-7.508474953397564,0.43887442961167805,15.40019139489499,measured
3,41,-7.382566027310675,0.44811696445997184,15.29117603824636,measured
3,42,-7.252071129812226,0.45540443212635173,15.167695341220476,measured
3,43,-7.111224312988465,0.45552753995516637,15.041491917245816,measured
3,44,-6.96324734487884,0.4543404367506929,14.89862790694648,measured
3,45,-6.82156617682927,0.45568174555422675,14.774340209817503,measured
3,46,-6.68509995247562,0.4589625436522097,14.653066952676882,measured
3,47,-6.5530628501647366,0.46417289916270144,14.53939412939442,measured
3,48,-6.42404977096477,0.468135224567663,14.423611415184267,measured
3,49,-6.288529322070608,0.46492380829737595,14.28395313730063,measured
3,50,-6.1553500709432365,0.46767379304472856,14.184489660773862,measured
3,51,-6.024521292949324,0.47504413269765344,14.09130460451826,measured
3,52,-5.8959763726668015,0.48617489354505855,13.990779807409854,measured
3,53,-5.765537892194846,0.49577087132580866,13.892296906375478,measured
3,54,-5.6127028798827485,0.5026751789991754,13.762605708089584,measured
3,55,-5.469925026681857,0.5110245057152403,13.641599247355414,measured
3,56,-5.334156334924486,0.5206890502228607,13.528759036281226,measured
3,57,-5.201034246134671,0.5288556077154005,13.419609010432348,measured
3,58,-5.06583728610529,0.537320392404652,13.29473958368337,measured
3,59,-4.928956720378505,0.5443499304394718,13.174856827255871,measured
3,60,-4.794582754470776,0.5501958660132023,13.06348379701045,measured
3,61,-4.657660652569419,0.5570639628809262,12.952711299324053,measured
3,62,-4.516255005254024,0.5621335748795231,12.83552403747266,measured
3,63,-4.371218521132279,0.5709369621499549,12.726918622240229,measured
3,64,-4.238528989295688,0.575883533246547,12.622826637955534,measured
3,65,-4.112638527019322,0.5775687963325871,12.529944894890233,measured
3,66,-3.985429728653538,0.5775718356644074,12.423496184270533,measured
3,67,-3.856051606220363,0.5811076072987806,12.315054405119213,measured
3,68,-3.732590362553551,0.5837555154100463,12.214815338383168,measured
3,69,-3.6124233076384926,0.5878773265563673,12.122218938359726,measured
3,70,-3.4870486274001635,0.5874973934012973,12.008219387090683,measured
3,71,-3.3655061523092047,0.5887779372341978,11.902999336429856,measured
3,72,-3.246756370434421,0.5914611680505681,11.802936281419832,measured
3,73,-3.12596005337625,0.5962060859148121,11.722956084027386,measured
3,74,-3.00867659674191,0.6017907880123468,11.640248443197478,measured
3,75,-2.888981913765503,0.6051882681980894,11.540518466781942,measured
3,76,-2.768968908933952,0.605621551831919,11.448638553360631,measured
3,77,-2.6415652801868217,0.6018207619715796,11.333276328343768,measured
3,78,-2.5170266682276834,0.6019590424674688,11.227082140653291,measured
3,79,-2.395845044918071,0.6017305725966167,11.13219723940348,measured
3,80,-2.277506697739988,0.6041897013078465,11.02652842315285,measured
3,81,-2.1622826100359953,0.6035425949604267,10.92179115475556,measured
3,82,-2.0491238310860767,0.6023489760074241,10.823232563921309,measured
3,83,-1.933194375843955,0.6018682896404451,10.715513864123794,measured
3,84,-1.816200647191144,0.6010020745683401,10.616917057241809,measured
3,85,-1.7026291197396468,0.6051679421017773,10.517166684508014,measured
3,86,-1.5883029439292924,0.6091849687529725,10.402635197547937,measured
3,87,-1.4737595035362283,0.6107218080562532,10.300287129854068,measured
3,88,-1.357558726861792,0.6104217360563595,10.184577444900082,measured
3,89,-1.2445227786553446,0.6132365113847256,10.07469406053276,measured
3,90,-1.1356126434204363,0.6175988157993962,9.979046011293033,measured
3,91,-1.0276367816666852,0.6199091394518522,9.871006526834128,measured
3,92,-0.9204595902441485,0.6229522651882601,9.76459328132354,measured
3,93,-0.8063415343455035,0.6243385011668404,9.65192429220686,measured
3,94,-0.6907847906363345,0.6231938333098171,9.545760127512603,measured
3,95,-0.5708850936047776,0.6218665887954233,9.451624898548502,measured
3,96,-0.4556807869420302,0.6272154142519667,9.36478070255832,measured
3,97,-0.342889171079257,0.6294045270185409,9.277066692711008,measured
3,98,-0.23076845506011856,0.6284542370993921,9.185041166192814,measured
3,99,-0.11441805795376264,0.6257777192931625,9.08046007363369,measured
3,100,0.0084200596953038,0.62666426724858,8.966897742013215,measured
3,101,0.1353027773927617,0.6289311707718097,8.86590813467311,measured
3,102,0.25609846000079833,0.6328517559592937,8.781771417557874,measured
3,103,3.025662852134066,0.6772793285202309,6.453380919752585,measured
3,104,3.0873901927890683,0.6736854239553616,6.338058981164432,measured
3,105,3.180785782823733,0.6657279518453636,6.249100366937523,measured
3,106,3.3139814342302523,0.660739696568193,6.17549704327941,measured
3,107,3.441925328634848,0.6655035641379952,6.118691745359242,measured
3,108,3.5613701560026674,0.6727182265825781,6.071803123789346,measured
3,109,3.7000050624799536,0.6764145287149915,6.040628962291081,measured
3,110,3.850172097939747,0.6784323894960134,6.003216532080361,measured
3,111,3.996674477444299,0.6782566176691595,5.953586515830145,measured
3,112,4.117600196482871,0.6740356923805015,5.873951620930194,measured
3,113,4.254564589618522,0.6733861641752531,5.812263424251199,measured
3,114,4.3888290110806,0.6728581622317322,5.760706939221819,measured
3,115,4.503006898021332,0.6695160553047212,5.692141342147745,measured
3,116,4.580641948733624,0.6598552396196646,5.583725142522315,measured
3,117,4.6586871071675855,0.6512522382687804,5.482056891529606,measured
3,118,4.7324066277147185,0.6510456307521065,5.38982488474518,measured
3,0,-11.244647207209754,0.17662852898900208,21.02825138468318,predicted
3,1,-11.223108967095905,0.18717490840669448,20.965348265113143,predicted
3,2,0.3740767918140083,0.6345571118434951,8.680226141495414,predicted
3,3,0.49205512362721826,0.6362624677276965,8.578680865432954,predicted
3,4,0.6100334554404282,0.6379678236118979,8.477135589370494,predicted
3,5,0.7280117872536381,0.6396731794960993,8.375590313308034,predicted
3,6,0.8459901190668481,0.6413785353803007,8.274045037245575,predicted
3,7,0.963968450880058,0.643083891264502,8.172499761183115,predicted
3,8,1.081946782693268,0.6447892471487034,8.070954485120655,predicted
3,9,1.199925114506478,0.6464946030329048,7.9694092090581945,predicted
3,10,1.317903446319688,0.6481999589171062,7.867863932995734,predicted
3,11,1.4358817781328979,0.6499053148013076,7.766318656933273,predicted
3,12,1.5538601099461078,0.651610670685509,7.6647733808708125,predicted
3,13,1.6718384417593177,0.6533160265697104,7.563228104808352,predicted
3,14,1.7898167735725277,0.6550213824539118,7.461682828745891,predicted
3,15,1.9077951053857376,0.6567267383381132,7.3601375526834305,predicted
3,16,2.0257734371989478,0.6584320942223146,7.25859227662097,predicted
3,17,2.143751769012158,0.660137450106516,7.157047000558509,predicted
3,18,2.261730100825368,0.6618428059907174,7.0555017244960485,predicted
3,19,2.3797084326385782,0.6635481618749188,6.953956448433588,predicted
3,20,2.4976867644517884,0.6652535177591202,6.852411172371127,predicted
3,21,2.6156650962649985,0.6669588736433216,6.7508658963086665,predicted
3,22,2.7336434280782087,0.668664229527523,6.649320620246206,predicted
3,23,2.851621759891419,0.6703695854117244,6.547775344183745,predicted
3,24,4.846413675194384,0.6504425536950771,5.304079365124611,predicted
3,25,4.9604207226740495,0.6498394766380476,5.218333845504042,predicted
3,26,5.074427770153715,0.6492363995810182,5.132588325883473,predicted
3,27,5.1884348176333805,0.6486333225239888,5.046842806262904,predicted
3,28,5.302441865113046,0.6480302454669593,4.961097286642335,predicted
3,29,5.4164489125927116,0.6474271684099299,4.875351767021766,predicted
3,30,5.530455960072377,0.6468240913529004,4.789606247401197,predicted
3,31,5.6444630075520426,0.646221014295871,4.703860727780628,predicted
3,32,5.758470055031708,0.6456179372388415,4.618115208160059,predicted
3,33,5.872477102511374,0.6450148601818121,4.53236968853949,predicted
3,34,5.986484149991039,0.6444117831247826,4.446624168918921,predicted
3,35,6.100491197470705,0.6438087060677532,4.3608786492983524,predicted
3,36,6.21449824495037,0.6432056290107238,4.2751331296777835,predicted
3,37,6.328505292430036,0.6426025519536943,4.1893876100572145,predicted
3,38,6.442512339909701,0.6419994748966649,4.1036420904366455,predicted
3,39,6.556519387389367,0.6413963978396354,4.0178965708160765,predicted
3,40,6.670526434869032,0.640793320782606,3.932151051195507,predicted
3,41,6.784533482348698,0.6401902437255765,3.8464055315749377,predicted
3,42,6.898540529828363,0.6395871666685471,3.7606600119543683,predicted
3,43,7.012547577308029,0.6389840896115176,3.674914492333799,predicted
3,44,7.126554624787694,0.6383810125544882,3.5891689727132294,predicted
3,45,7.24056167226736,0.6377779354974588,3.50342345309266,predicted
3,46,7.354568719747025,0.6371748584404293,3.4176779334720906,predicted
3,47,7.468575767226691,0.6365717813833999,3.331932413851521,predicted
3,48,7.582582814706356,0.6359687043263704,3.2461868942309517,predicted
3,49,7.696589862186022,0.635365627269341,3.1604413746103823,predicted
3,50,7.810596909665687,0.6347625502123115,3.074695854989813,predicted
3,51,7.924603957145353,0.6341594731552821,2.9889503353692435,predicted
3,52,8.038611004625018,0.6335563960982526,2.903204815748674,predicted
3,53,8.152618052104684,0.6329533190412232,2.8174592961281046,predicted
3,54,8.266625099584349,0.6323502419841938,2.731713776507535,predicted
3,55,8.380632147064015,0.6317471649271643,2.645968256886966,predicted
3,56,8.49463919454368,0.6311440878701349,2.5602227372663964,predicted
3,57,8.608646242023346,0.6305410108131054,2.474477217645827,predicted
3,58,8.722653289503011,0.629937933756076,2.3887316980252575,predicted
3,59,8.836660336982677,0.6293348566990465,2.302986178404688,predicted
3,60,8.950667384462342,0.6287317796420171,2.2172406587841187,predicted
3,61,9.064674431942008,0.6281287025849877,2.1314951391635493,predicted
3,62,9.178681479421673,0.6275256255279582,2.04574961954298,predicted
3,63,9.292688526901339,0.6269225484709288,1.9600040999224106,predicted
3,64,9.406695574381004,0.6263194714138993,1.8742585803018414,predicted
3,65,9.52070262186067,0.6257163943568699,1.7885130606812722,predicted
3,66,9.634709669340335,0.6251133172998404,1.702767541060703,predicted
3,67,9.74871671682,0.624510240242811,1.6170220214401338,predicted
3,68,9.862723764299666,0.6239071631857815,1.5312765018195647,predicted
3,69,9.976730811779332,0.6233040861287521,1.4455309821989955,predicted
3,70,10.090737859258997,0.6227010090717227,1.3597854625784263,predicted
3,71,10.204744906738663,0.6220979320146932,1.274039942957857,predicted
3,72,10.318751954218328,0.6214948549576638,1.1882944233372879,predicted
3,73,10.432759001697994,0.6208917779006343,1.1025489037167187,predicted
3,74,10.54676604917766,0.6202887008436049,1.0168033840961495,predicted
4,0,-10.522046652631582,0.25748412631578976,21.434757726315794,measured
4,1,-10.48683045185132,0.2805517333000036,21.313047785381066,measured
4,2,-10.460092366805057,0.24959213864741608,21.250263700338667,measured
4,3,-10.44194056433869,0.2314596993995606,21.175552366530248,measured
4,4,-10.115162789563735,0.2358409348218541,20.578775296237605,measured
4,5,-10.003486539958692,0.254549413143079,20.369507720446617,measured
4,6,-9.917237331721418,0.26193739771981406,20.20299795253834,measured
4,7,-9.852703470110285,0.276625220897077,20.098443557532605,measured
4,8,-9.798327192968282,0.2860464428878093,20.005556430604447,measured
4,9,-9.75994130117292,0.301053454037314,19.940022605961005,measured
4,10,-9.723709865570255,0.31186289365437486,19.875391199926902,measured
4,11,-9.665130604904551,0.32607559126468033,19.762634832864393,measured
4,12,-9.55564461216062,0.3349871563781657,19.55740496202811,measured
4,13,-9.450056659565535,0.347598676125959,19.368643286396015,measured
4,14,-9.35981759515918,0.36324990393165824,19.205777596587538,measured
4,15,-9.28206091376167,0.3759109822396007,19.075642971629755,measured
4,16,-9.208515048489803,0.3859443945138262,18.95971049450551,measured
4,17,-9.12733448141725,0.3931695607408284,18.821710428774615,measured
4,18,-9.025567604134283,0.40252974112629974,18.64599340359849,measured
4,19,-8.91737849349327,0.4093654728902695,18.46074161954967,measured
4,20,-8.822272780450124,0.41919363222334743,18.296432308502194,measured
4,21,-8.738264649210434,0.4274028068565597,18.158932229435166,measured
4,22,-8.655235499369267,0.43824202194906525,18.035325816589687,measured
4,23,-8.573190691186293,0.4508611121949731,17.906605210258174,measured
4,24,-8.484313899670386,0.4570607781765159,17.7738989443212,measured
4,25,-8.375261365827647,0.46461800046806484,17.607183152711922,measured
4,26,-8.263322709272503,0.4705843393750405,17.44944898522999,measured
4,27,-8.152160285098377,0.46827365355973505,17.3143167254673,measured
4,28,-8.048872164352689,0.4657997097511881,17.199191574854968,measured
4,29,-7.95262083647839,0.4631955920168058,17.101846915202273,measured
4,30,-7.853600445664868,0.4598451980547971,16.99268445972186,measured
4,31,-7.7406118012043965,0.45857563994276895,16.847277423121373,measured
4,32,-7.632248133181251,0.4571244741443858,16.721546525194718,measured
4,33,-7.524847969350503,0.45879405576525184,16.613654110850977,measured
4,34,-7.419818388199688,0.4563560192133318,16.503184694324702,measured
4,35,-7.302841989998099,0.4570684428796112,16.408950029131532,measured
4,36,-7.184285042612284,0.46298580545288565,16.299254962335194,measured
4,37,-7.057412525371226,0.46993166861849756,16.158867360228985,measured
4,38,-6.9428325672165005,0.4822078889199035,16.03656917939074,measured
4,39,-6.839660535007774,0.48722949716205427,15.930964312733478,measured
4,40,-6.69863669452128,0.49691366263082254,15.818416675104492,measured
4,41,-6.564399737128624,0.5050510361234912,15.705249946799277,measured
4,42,-6.440458887137058,0.5086392283307601,15.586395458812946,measured
4,43,-6.297282053064457,0.5109787868043739,15.46266460022141,measured
4,44,-6.158207947804856,0.5153881858922077,15.345027228624065,measured
4,45,-6.0359608398412075,0.5225926248234939,15.25884437615372,measured
4,46,-5.9135368118198395,0.5247241520024201,15.145532914185983,measured
4,47,-5.778528770989429,0.5282079536781161,15.018134608559278,measured
4,48,-5.636174724060992,0.5304782109886703,14.887942890176854,measured
4,49,-5.494313232662554,0.5322924555251569,14.774380398201407,measured
4,50,-5.357973015942169,0.5361213882332571,14.666846821102478,measured
4,51,-5.237946975463618,0.539069289443456,14.564971002772642,measured
4,52,-5.12172864377953,0.540873295033044,14.459199105603112,measured
4,53,-4.976401553337818,0.5409924588743404,14.332307171622908,measured
4,54,-4.8380093631867584,0.5408502193315208,14.221608479897268,measured
4,55,-4.714887497955368,0.5387462415792611,14.152775460328364,measured
4,56,-4.580278668428055,0.5399964502430827,14.043225458405603,measured
4,57,-4.428773990203349,0.5393971368287397,13.906604544756556,measured
4,58,-4.286675294522798,0.53819800530258,13.774447787050553,measured
4,59,-4.152097607851657,0.5369136417605187,13.65872036041708,measured
4,60,-4.02085349297619,0.5354164751513641,13.554308485231081,measured
4,61,-3.882649831485424,0.5388158417685688,13.460425805337806,measured
4,62,-3.7475141136621266,0.5450810859000088,13.33736033354206,measured
4,63,-3.6143056467922796,0.545364718442226,13.218645529402137,measured
4,64,-3.479199670960728,0.5476330543704094,13.107876773117708,measured
4,65,-3.345892525786309,0.5518962023310132,13.008275907018227,measured
4,66,-3.215602862571161,0.5573505398353478,12.90439730870566,measured
4,67,-3.078732829589835,0.5633816587280722,12.786260417210356,measured
4,68,-2.949148211971159,0.5734160858997176,12.679894978296483,measured
4,69,-2.8169322448735876,0.5800299750089676,12.584506023994885,measured
4,70,-2.6866594641891646,0.5846747162284436,12.475374640674392,measured
4,71,-2.563064546274705,0.590289788456941,12.364121020675272,measured
4,72,-2.441012303761488,0.5972618252437639,12.260982710478112,measured
4,73,-2.3244246768348047,0.6030199767424748,12.162196577307006,measured
4,74,-2.20490826762682,0.6134189705646259,12.04858210490597,measured
4,75,-2.08601396012486,0.6177061540710101,11.93734503080495,measured
4,76,-1.965540699730115,0.6191852757037707,11.840721365735128,measured
4,77,-1.8516954007576465,0.619366041755812,11.739460313941999,measured
4,78,-1.7411022220462087,0.620246808724421,11.628401546321278,measured
4,79,-1.6343147138386598,0.6183604651686936,11.52605094949008,measured
4,80,-1.5231958904223148,0.616923657046359,11.406470263570919,measured
4,81,-1.4137017846486875,0.6233594214674882,11.293708069787133,measured
4,82,-1.3061546494963965,0.6267458104819172,11.190139257338354,measured
4,83,-1.2000411985152348,0.6323102095349243,11.073867179970856,measured
4,84,-1.094774161532917,0.6363646790043096,10.956910569852056,measured
4,85,-0.9836808712625372,0.6397696721891069,10.852362554340678,measured
4,86,-0.8730480824155967,0.640396150156477,10.756843292095564,measured
4,87,-0.7616047034438367,0.6414656874434765,10.652281577844064,measured
4,88,-0.6506511500307114,0.6456388118762163,10.551984977994783,measured
4,89,-0.5463626852505812,0.6508465364213447,10.458167988973099,measured
4,90,-0.4360494727605778,0.6484744191371986,10.358624579913743,measured
4,91,-0.32084903325569425,0.6453833396051458,10.261067459447425,measured
4,92,-0.20728322550581682,0.6458957912581493,10.17233297244104,measured
4,93,-0.09504700134114515,0.6481841670570212,10.06730066844914,measured
4,94,0.019072982491564215,0.6490542719640997,9.958825824480025,measured
4,95,0.13632042170951636,0.644850459776895,9.845524637987154,measured
4,96,0.25456161352226403,0.6441896006147623,9.742520198536539,measured
4,97,0.3697111596730837,0.6415378298626615,9.596279309418778,measured
4,98,0.47344410596940295,0.6401951491259056,9.433917505371008,measured
4,99,3.476061077529576,0.6709908106298131,7.607484424612267,measured
4,100,3.63734554912241,0.6839607912528098,7.637032285647818,measured
4,101,3.6547890697737397,0.6986607458092233,7.449624842655455,measured
4,102,3.6631499560865026,0.7073361447113218,7.271452579449886,measured
4,103,3.8400979268323843,0.7004174735338049,7.254358079787998,measured
4,104,3.978343035602926,0.7037861406058449,7.195961474628719,measured
4,105,4.026146800064554,0.701228154641048,7.041021303878251,measured
4,106,4.314332339757406,0.610836589981799,6.923659687628969,measured
4,0,-10.428158890376213,0.21899285030490961,21.129391233635296,predicted
4,1,-10.414377216413737,0.20652600121025863,21.083230100740344,predicted
4,2,-10.40059554245126,0.19405915211560765,21.037068967845393,predicted
4,3,0.5879759455198827,0.6413415383142981,9.321914539408064,predicted
4,4,0.7025077850703626,0.6424879275026906,9.20991157344512,predicted
4,5,0.8170396246208425,0.6436343166910831,9.097908607482177,predicted
4,6,0.9315714641713223,0.6447807058794756,8.985905641519233,predicted
4,7,1.0461033037218022,0.645927095067868,8.87390267555629,predicted
4,8,1.1606351432722821,0.6470734842562605,8.761899709593346,predicted
4,9,1.2751669828227619,0.648219873444653,8.649896743630402,predicted
4,10,1.3896988223732416,0.6493662626330455,8.537893777667458,predicted
4,11,1.5042306619237213,0.650512651821438,8.425890811704514,predicted
4,12,1.618762501474201,0.6516590410098305,8.31388784574157,predicted
4,13,1.7332943410246808,0.652805430198223,8.201884879778627,predicted
4,14,1.8478261805751606,0.6539518193866155,8.089881913815683,predicted
4,15,1.9623580201256403,0.655098208575008,7.977878947852739,predicted
4,16,2.07688985967612,0.6562445977634005,7.865875981889795,predicted
4,17,2.1914216992266,0.657390986951793,7.753873015926851,predicted
4,18,2.3059535387770795,0.6585373761401855,7.641870049963908,predicted
4,19,2.4204853783275593,0.659683765328578,7.529867084000964,predicted
4,20,2.535017217878039,0.6608301545169705,7.41786411803802,predicted
4,21,2.6495490574285188,0.661976543705363,7.305861152075076,predicted
4,22,2.7640808969789985,0.6631229328937555,7.1938581861121325,predicted
4,23,2.8786127365294782,0.664269322082148,7.081855220149189,predicted
4,24,4.1501634319513405,0.7032581699153694,6.952451645489094,predicted
4,25,4.44057361273977,0.6076335046302738,6.8384020190623405,predicted
4,26,4.566814885722134,0.6044304192787485,6.753144350495712,predicted
4,27,4.693056158704498,0.6012273339272233,6.667886681929084,predicted
4,28,4.819297431686862,0.598024248575698,6.582629013362456,predicted
4,29,4.945538704669226,0.5948211632241728,6.497371344795828,predicted
4,30,5.07177997765159,0.5916180778726475,6.4121136762291995,predicted
4,31,5.198021250633954,0.5884149925211223,6.326856007662571,predicted
4,32,5.324262523616318,0.585211907169597,6.241598339095943,predicted
4,33,5.4505037965986824,0.5820088218180718,6.156340670529315,predicted
4,34,5.5767450695810465,0.5788057364665465,6.071083001962687,predicted
4,35,5.702986342563411,0.5756026511150213,5.9858253333960585,predicted
4,36,5.829227615545775,0.572399565763496,5.90056766482943,predicted
4,37,5.955468888528139,0.5691964804119708,5.815309996262802,predicted
4,38,6.081710161510503,0.5659933950604455,5.730052327696174,predicted
4,39,6.207951434492867,0.5627903097089203,5.644794659129546,predicted
4,40,6.334192707475231,0.559587224357395,5.5595369905629175,predicted
4,41,6.460433980457595,0.5563841390058698,5.474279321996289,predicted
4,42,6.586675253439959,0.5531810536543446,5.389021653429661,predicted
4,43,6.712916526422323,0.5499779683028193,5.303763984863033,predicted
4,44,6.8391577994046875,0.5467748829512941,5.218506316296405,predicted
4,45,6.965399072387052,0.5435717975997688,5.1332486477297765,predicted
4,46,7.091640345369416,0.5403687122482436,5.047990979163148,predicted
4,47,7.21788161835178,0.5371656268967183,4.96273331059652,predicted
4,48,7.344122891334144,0.5339625415451931,4.877475642029892,predicted
4,49,7.470364164316508,0.5307594561936678,4.792217973463264,predicted
4,50,7.596605437298872,0.5275563708421426,4.7069603048966355,predicted
4,51,7.722846710281236,0.5243532854906173,4.621702636330007,predicted
4,52,7.8490879832636,0.5211502001390921,4.536444967763379,predicted
4,53,7.975329256245964,0.5179471147875668,4.451187299196751,predicted
4,54,8.10157052922833,0.5147440294360416,4.365929630630123,predicted
4,55,8.227811802210693,0.5115409440845163,4.2806719620634945,predicted
4,56,8.354053075193058,0.5083378587329911,4.195414293496866,predicted
4,57,8.480294348175422,0.5051347733814658,4.110156624930238,predicted
4,58,8.606535621157786,0.5019316880299406,4.02489895636361,predicted
4,59,8.73277689414015,0.4987286026784154,3.9396412877969813,predicted
4,60,8.859018167122514,0.4955255173268902,3.8543836192303527,predicted
4,61,8.985259440104878,0.492322431975365,3.769125950663724,predicted
4,62,9.111500713087242,0.4891193466238398,3.6838682820970954,predicted
4,63,9.237741986069606,0.48591626127231463,3.5986106135304667,predicted
4,64,9.36398325905197,0.48271317592078944,3.513352944963838,predicted
4,65,9.490224532034334,0.47951009056926425,3.4280952763972095,predicted
4,66,9.616465805016698,0.47630700521773905,3.342837607830581,predicted
4,67,9.742707077999063,0.47310391986621386,3.257579939263952,predicted
4,68,9.868948350981427,0.46990083451468867,3.1723222706973235,predicted
4,69,9.99518962396379,0.4666977491631635,3.087064602130695,predicted
4,70,10.121430896946155,0.4634946638116383,3.0018069335640662,predicted
4,71,10.247672169928519,0.4602915784601131,2.9165492649974376,predicted
4,72,10.373913442910883,0.4570884931085879,2.831291596430809,predicted
4,73,10.500154715893247,0.4538854077570627,2.7460339278641803,predicted
4,74,10.626395988875611,0.4506823224055375,2.6607762592975517,predicted
4,75,10.752637261857975,0.4474792370540123,2.575518590730923,predicted
5,0,-7.9488404548495,0.38990961872909724,20.431123585284283,measured
5,1,-7.642207346782563,0.4408199385167843,19.58553121972663,measured
5,2,-7.235866241305777,0.39746678056213225,19.099703473778973,measured
5,3,-7.219612991353445,0.39085551251274553,19.053095123894177,measured
5,4,-7.157565550495106,0.3865525786126086,18.994846724386672,measured
5,5,-7.081769324562292,0.372683816990041,18.91289235774507,measured
5,6,-7.114732244715736,0.3451163853947795,18.859124465794302,measured
5,7,-7.162223166750579,0.31800930164898544,18.87985140066044,measured
5,8,-7.028480711528093,0.33375940572947405,18.675942712477017,measured
5,9,-6.910847464512376,0.35265439393164083,18.47683369696498,measured
5,10,-6.8215810456264325,0.3609090398910219,18.325645732590193,measured
5,11,-6.747149323143226,0.38734991872005414,18.21060486857653,measured
5,12,-6.637144907874221,0.40177785278182926,18.09693994948808,measured
5,13,-6.521401408031581,0.4122471588575826,17.96025700868686,measured
5,14,-6.407070007677004,0.42636688423125224,17.852787141172254,measured
5,15,-6.281941170187728,0.4362082298163337,17.702657303883658,measured
5,16,-6.159910201289667,0.4434623253305239,17.551036560972925,measured
5,17,-6.03931295329018,0.45371585188606456,17.408480498481076,measured
5,18,-5.923319017089051,0.461971734011685,17.28282260199787,measured
5,19,-5.79938592409903,0.4683364760627273,17.16221956123135,measured
5,20,-5.679065493289251,0.4779256065876585,17.063053730582265,measured
5,21,-5.560707736670282,0.4896995955030273,16.965225411556954,measured
5,22,-5.447275396804366,0.49876264562987427,16.85294631586696,measured
5,23,-5.318312286020335,0.5050879229262367,16.714234826107177,measured
5,24,-5.186301174707758,0.5104014599639243,16.596766866736203,measured
5,25,-5.066329369822905,0.5185018859347237,16.497631489353456,measured
5,26,-4.9547998497270225,0.5252205069732685,16.407543039750642,measured
5,27,-4.837559468347968,0.5262305413024948,16.29240412198559,measured
5,28,-4.702464282933861,0.5220072210047907,16.144099704198403,measured
5,29,-4.5693030823868375,0.5244716902868806,16.01578351209309,measured
5,30,-4.434673855758834,0.5232226147092421,15.905299070109002,measured
5,31,-4.309953595741358,0.524842801906664,15.804914606393197,measured
5,32,-4.1957399323958935,0.5260842773316479,15.719402021834583,measured
5,33,-4.077118267902871,0.5268073034730141,15.641565757342828,measured
5,34,-3.9549070371875157,0.5267113355555247,15.559455715091069,measured
5,35,-3.840115876348557,0.5290802121516939,15.479097787904394,measured
5,36,-3.724088795144835,0.5299857566678488,15.379049849792006,measured
5,37,-3.6040266167947808,0.5299275187821527,15.272103676278197,measured
5,38,-3.4823493310046705,0.5325799391036283,15.17951462981398,measured
5,39,-3.3609832822331573,0.5317882036928527,15.09503478845646,measured
5,40,-3.2428697264656803,0.5307060675034393,15.018006910296092,measured
5,41,-3.1268097869394302,0.5292039388900968,14.942819045533833,measured
5,42,-3.00790587581913,0.5293142164818582,14.845031456327245,measured
5,43,-2.8869567993423604,0.5286208696074989,14.741383464569465,measured
5,44,-2.767062081696451,0.5276862415606473,14.64658069125574,measured
5,45,-2.6564564947044103,0.5265396834512598,14.560011539261437,measured
5,46,-2.548224854182364,0.5305003757762007,14.476468049008865,measured
5,47,-2.4395456815630134,0.5325661997271692,14.364412500020366,measured
5,48,-2.3301157648952557,0.5338884805489191,14.253189614407987,measured
5,49,-2.21891027484283,0.5348479855978827,14.1515820943387,measured
5,50,-2.106108364774528,0.5381068125915457,14.05897697736684,measured
5,51,-1.9918846097202751,0.5461210404022104,13.974762462932125,measured
5,52,-1.8831068395231076,0.5503188297080999,13.889850705636073,measured
5,53,-1.774219889019206,0.5527477350023807,13.783814315542287,measured
5,54,-1.663143092955825,0.5518269971223769,13.679118062094892,measured
5,55,-1.554150919006822,0.553371011655877,13.587833472152495,measured
5,56,-1.445349697917821,0.5615999952566632,13.493120173174688,measured
5,57,-1.3346203683582831,0.5723357269278769,13.372512382690827,measured
5,58,-1.2280316616807352,0.579345966557603,13.258900740436562,measured
5,59,-1.121135560235555,0.5832142845851561,13.159409753539379,measured
5,60,-1.0176213713353233,0.5859409480022312,13.058257876992457,measured
5,61,-0.9141899227705529,0.5967341714200706,12.945025599823262,measured
5,62,-0.8166796997941366,0.6034682518480778,12.831778397483868,measured
5,63,-0.7207198008542117,0.604568219535792,12.729235702098139,measured
5,64,-0.616715782527826,0.6028096419379316,12.63670775232015,measured
5,65,-0.49921298287718296,0.5991208705144085,12.516200277474834,measured
5,66,-0.37339578063091505,0.5997895473920726,12.40382058180142,measured
5,67,-0.2515894910056196,0.6046684219427151,12.30239879493691,measured
5,68,-0.1358948458130937,0.6087030288907164,12.207960076360282,measured
5,69,-0.023681601705673343,0.6082775321007705,12.091561481024245,measured
5,70,0.08937512419721431,0.6050179595128166,11.980403296061802,measured
5,71,0.20076694586224417,0.6034477959343699,11.87125091470722,measured
5,72,0.3047901958523017,0.6028213091557557,11.709568984033934,measured
5,73,0.3955912623746171,0.6037094482441024,11.517407339331129,measured
5,74,0.48926920210523106,0.5938240570797657,11.337715954387928,measured
5,75,3.6683376599880453,0.621048961318997,7.674294393360943,measured
5,76,3.681319245831456,0.6179449259700848,7.6137834174912475,measured
5,77,3.8184203678050816,0.6110103036792813,7.575853767430321,measured
5,78,4.1239609458275925,0.6128200952875161,7.304256121048158,measured
5,79,4.843737932415749,0.6185454035464973,6.626871047567997,measured
5,80,5.116097466643333,0.6348590759310202,6.347381594757006,measured
5,81,5.194392838654467,0.6417064132798473,6.266917671274571,measured
5,0,-7.614328283622199,0.4454487016331448,19.50865001431499,predicted
5,1,-7.5864492204618355,0.45007746474950533,19.431768808903353,predicted
5,2,-7.558570157301472,0.45470622786586584,19.354887603491715,predicted
5,3,-7.530691094141108,0.45933499098222635,19.278006398080077,predicted
5,4,0.5977432379194478,0.5948184273571777,11.218580009235959,predicted
5,5,0.7062172737336646,0.5958127976345897,11.09944406408399,predicted
5,6,0.8146913095478814,0.5968071679120017,10.98030811893202,predicted
5,7,0.9231653453620982,0.5978015381894137,10.861172173780052,predicted
5,8,1.031639381176315,0.5987959084668257,10.742036228628082,predicted
5,9,1.1401134169905316,0.5997902787442377,10.622900283476113,predicted
5,10,1.2485874528047483,0.6007846490216497,10.503764338324144,predicted
5,11,1.357061488618965,0.6017790192990617,10.384628393172175,predicted
5,12,1.4655355244331816,0.6027733895764738,10.265492448020206,predicted
5,13,1.5740095602473982,0.6037677598538858,10.146356502868237,predicted
5,14,1.682483596061615,0.6047621301312978,10.027220557716268,predicted
5,15,1.7909576318758316,0.6057565004087098,9.908084612564299,predicted
5,16,1.8994316676900482,0.6067508706861218,9.78894866741233,predicted
5,17,2.007905703504265,0.6077452409635338,9.66981272226036,predicted
5,18,2.116379739318482,0.6087396112409458,9.550676777108391,predicted
5,19,2.2248537751326984,0.6097339815183578,9.431540831956422,predicted
5,20,2.333327810946915,0.6107283517957698,9.312404886804453,predicted
5,21,2.4418018467611318,0.6117227220731818,9.193268941652484,predicted
5,22,2.5502758825753484,0.6127170923505938,9.074132996500515,predicted
5,23,2.658749918389565,0.6137114626280058,8.954997051348546,predicted
5,24,2.7672239542037818,0.6147058329054178,8.835861106196576,predicted
5,25,2.8756979900179984,0.6157002031828298,8.716725161044607,predicted
5,26,2.984172025832215,0.6166945734602418,8.597589215892638,predicted
5,27,3.0926460616464317,0.6176889437376538,8.478453270740669,predicted
5,28,3.2011200974606484,0.6186833140150658,8.3593173255887,predicted
5,29,3.309594133274865,0.6196776842924778,8.24018138043673,predicted
5,30,3.4180681690890817,0.6206720545698898,8.121045435284762,predicted
5,31,3.5265422049032984,0.6216664248473018,8.001909490132793,predicted
5,32,3.635016240717515,0.6226607951247138,7.882773544980823,predicted
5,33,3.7434902765317317,0.6236551654021258,7.763637599828854,predicted
5,34,3.8519643123459484,0.6246495356795378,7.644501654676885,predicted
5,35,3.960438348160165,0.6256439059569499,7.525365709524916,predicted
5,36,3.913009614259661,0.6114433251340718,7.469237333238465,predicted
5,37,4.00759886071424,0.6118763465888624,7.362620899046609,predicted
5,38,4.2194234693395245,0.6132736012731306,7.199574990975041,predicted
5,39,4.3148859928514565,0.613727107258745,7.094893860901924,predicted
5,40,4.410348516363388,0.6141806132443595,6.990212730828807,predicted
5,41,4.50581103987532,0.6146341192299739,6.88553160075569,predicted
5,42,4.601273563387252,0.6150876252155884,6.780850470682573,predicted
5,43,4.696736086899184,0.6155411312012028,6.676169340609456,predicted
5,44,4.94166381363238,0.6191208251825435,6.524836978670768,predicted
5,45,5.0395896948490115,0.6196962468185897,6.422802909773539,predicted
5,46,5.290333777793917,0.6432780636450354,6.1672085831019094,predicted
5,47,5.386274716933366,0.6448497140102234,6.067499494929248,predicted
5,48,5.482215656072816,0.6464213643754114,5.967790406756586,predicted
5,49,5.578156595212265,0.6479930147405994,5.868081318583924,predicted
5,50,5.674097534351715,0.6495646651057875,5.768372230411262,predicted
5,51,5.770038473491164,0.6511363154709755,5.6686631422386,predicted
5,52,5.8659794126306135,0.6527079658361635,5.568954054065938,predicted
5,53,5.961920351770063,0.6542796162013516,5.469244965893276,predicted
5,54,6.057861290909512,0.6558512665665396,5.369535877720614,predicted
5,55,6.153802230048962,0.6574229169317276,5.2698267895479525,predicted
5,56,6.249743169188411,0.6589945672969156,5.170117701375291,predicted
5,57,6.345684108327861,0.6605662176621037,5.070408613202629,predicted
5,58,6.44162504746731,0.6621378680272917,4.970699525029967,predicted
5,59,6.53756598660676,0.6637095183924797,4.870990436857305,predicted
5,60,6.633506925746209,0.6652811687576677,4.771281348684643,predicted
5,61,6.729447864885659,0.6668528191228558,4.671572260511981,predicted
5,62,6.825388804025108,0.6684244694880438,4.571863172339319,predicted
5,63,6.9213297431645575,0.6699961198532318,4.472154084166657,predicted
5,64,7.017270682304007,0.6715677702184198,4.3724449959939955,predicted
5,65,7.113211621443456,0.6731394205836079,4.272735907821334,predicted
5,66,7.209152560582906,0.6747110709487959,4.173026819648672,predicted
5,67,7.305093499722355,0.6762827213139839,4.07331773147601,predicted
5,68,7.401034438861805,0.677854371679172,3.9736086433033484,predicted
5,69,7.496975378001254,0.67942602204436,3.873899555130687,predicted
5,70,7.592916317140704,0.680997672409548,3.7741904669580255,predicted
5,71,7.688857256280153,0.682569322774736,3.674481378785364,predicted
5,72,7.784798195419603,0.6841409731399241,3.5747722906127026,predicted
5,73,7.880739134559052,0.6857126235051121,3.475063202440041,predicted
5,74,7.9766800736985015,0.6872842738703001,3.3753541142673797,predicted
5,75,8.072621012837951,0.6888559242354881,3.2756450260947183,predicted
5,76,8.1685619519774,0.6904275746006762,3.175935937922057,predicted
5,77,8.26450289111685,0.6919992249658642,3.0762268497493954,predicted
5,78,8.3604438302563,0.6935708753310522,2.976517761576734,predicted
5,79,8.456384769395749,0.6951425256962402,2.8768086734040725,predicted
5,80,8.552325708535198,0.6967141760614283,2.777099585231411,predicted
5,81,8.648266647674648,0.6982858264266163,2.6773904970587497,predicted
5,82,8.744207586814097,0.6998574767918043,2.577681408886088,predicted
5,83,8.840148525953547,0.7014291271569923,2.4779723207134268,predicted
5,84,8.936089465092996,0.7030007775221804,2.3782632325407653,predicted
5,85,9.032030404232446,0.7045724278873684,2.278554144368104,predicted
5,86,9.127971343371895,0.7061440782525564,2.1788450561954424,predicted
5,87,9.223912282511344,0.7077157286177445,2.079135968022781,predicted
5,88,9.319853221650794,0.7092873789829325,1.9794268798501193,predicted
5,89,9.415794160790243,0.7108590293481205,1.8797177916774577,predicted
5,90,9.511735099929693,0.7124306797133085,1.780008703504796,predicted
5,91,9.607676039069142,0.7140023300784966,1.6802996153321343,predicted
5,92,9.703616978208592,0.7155739804436846,1.5805905271594727,predicted
5,93,9.799557917348041,0.7171456308088726,1.480881438986811,predicted
5,94,9.89549885648749,0.7187172811740606,1.3811723508141494,predicted
5,95,9.99143979562694,0.7202889315392487,1.2814632626414877,predicted
5,96,10.08738073476639,0.7218605819044367,1.181754174468826,predicted
